–ó–∞–≥–æ–ª–æ–≤–æ–∫,"–ö–æ–ª–∏—á–µ—Å—Ç–≤–æ –∫–æ–º–µ–Ω—Ç–∞—Ä–∏–µ–≤","–ö–æ–ª–∏—á–µ—Å—Ç–≤–æ –ª–∞–π–∫–æ–≤","–ú–µ–¥–∏–∞ —Ç–∏–ø","–ü–æ—Å—Ç —Å–æ–∑–¥–∞–Ω",C—Å—ã–ª–∫–∞
"–Ø –ú–ù–û–ì–û–ö–†–ê–¢–ù–û –ì–û–í–û–†–ò–õ,—á—Ç–æ —Å–∏—Ç—É–∞—Ü–∏—è –≤ –∂–∏–≤–æ–π –ø—Ä–∏—Ä–æ–¥–µ –∫–∞—Ä–¥–∏–Ω–∞–ª—å–Ω–æ –æ—Ç–ª–∏—á–∞–µ—Ç—Å—è –æ—Ç –ø–æ–∑–∏—Ü–∏–∏ : –î–ò–ö–ò–ú –ó–í–ï–†–Ø–ú –ú–ï–°–¢–û –¢–û–õ–¨–ö–û –í –î–ò–ö–û–ô –ü–†–ò–†–û–î–ï!!!
https://www.rbc.ru/society/30/10/2018/5bd809329a79479819fd85b9?from=main
#–∑–æ–æ–∑–∞—â–∏—Ç–∞#peta #–≤–∏—Ç–∞ #–∑–∞–∫–æ–Ω–Ω—É–∂–µ–Ω—Å–µ–π—á–∞—Å #–∑–∞–∫–æ–Ω_–Ω—É–∂–µ–Ω_—Å–µ–π—á–∞—Å #–∑–∞—Ü–∏—Ä–∫–±–µ–∑–∂–∏–≤–æ—Ç–Ω—ã—Ö #—Ü–∏—Ä–∫#–∑–æ–æ–ø–∞—Ä–∫ #–∂–∏–≤–∞—è–ø—Ä–∏—Ä–æ–¥–∞ #–Ω—É–∂–Ω–∞–ø–æ–º–æ—â—å #–∑–∞–±–ª—É–∂–¥–µ–Ω–∏–µ #–Ω–∞–¥–æ–ø–æ–¥—É–º–∞—Ç—å #–∑–∞–ø–∞—à–Ω—ã–π @wwf @wwfrussia  #wwf#—Ñ–æ–Ω–¥–∑–∞—â–∏—Ç—ã–∂–∏–≤–æ—Ç–Ω—ã—Ö",70,6119,image,"2018-10-30 12:53:25",https://www.instagram.com/p/BpjYyVuBPr1
"–ü–µ—Ä–≤—ã–π —Ä–∞–∑ –≤ –∂–∏–∑–Ω–∏ —É–≤–∏–¥–µ–ª–∏ —Ç–µ–ª–µ—Ñ–æ–Ω ‚òùÔ∏èü§¶‚Äç‚ôÇÔ∏èü§£
#–ø–µ—Ç—Ä–ø–µ—Ä–≤—ã–π #–∏–æ—Å–∏—Ñ—Å—Ç–∞–ª–∏–Ω #–∑–∞–ø–∞—à–Ω—ã–π #—è–≥—É–¥–∏–Ω #–∏—Å—Ç–æ—Ä–∏—á–µ—Å–∫–∞—è–≤—Å—Ç—Ä–µ—á–∞ #—Å–ª–∞–≤–∞–±–æ–≥—É—Ç—ã–ø—Ä–∏—à–µ–ª #—Å—Ç—Å #–≥–ª–∞–≤–∫–∏–Ω–æ @alexei.yagudin #–º–∞—Å–∫–∞—Ä–∞–¥ #–±—ã–ª–æ–≤–µ—Å–µ–ª–æ",79,9957,image,"2018-10-30 11:39:59",https://www.instagram.com/p/BpjQYljhqjo
"–í–æ—Ç –≤ —á–µ–º —è –Ω–µ –ø—Ä–∞–≤!?ü§∑‚Äç‚ôÇÔ∏è
–ò–ª–∏ –¥–æ–±–∞–≤–ª—è–π—Ç–µ –ø–æ —ç—Ç–æ–π —Ç–µ–º–µ —Å–≤–æ–∏ –º—ã—Å–ª–∏!!!ü§®
#–ª—é–±–∏—Ç–Ω–∞—à–Ω–∞—Ä–æ–¥ #–ø—Ä–µ—Å—Å–∞#—à–æ—É–±–∏–∑–Ω–µ—Å #—Ä–∞—Å—Å—É–∂–¥–µ–Ω–∏—è#–Ω–∞–Ω–æ—á—å–≥–ª—è–¥—è #–Ω–∞–¥–æ–ø–æ–¥—É–º–∞—Ç—å #–∑–∞–ø–∞—à–Ω—ã–π #—ç–¥–≥–∞—Ä–¥–∑–∞–ø–∞—à–Ω—ã–π #—Ä–æ—Å—Å–∏—è #–Ω–∞—à–∞—Ä–∞—à–∞ #—è–ª—é–±–ª—é—Ä–æ—Å—Å–∏—é
@artur_bagdasarov_official @ritamamun @kudryavtseva_y @aloyan_mikhail_ @timchenkoshow @shnurovs",656,11663,sidecar,"2018-10-30 01:26:48",https://www.instagram.com/p/BpiKNZABOGX
"–ß—Ç–æ –≤ —ç—Ç–æ–º –≤–∑–≥–ª—è–¥–µ?ü§®
#—ç–¥–≥–∞—Ä–¥–∑–∞–ø–∞—à–Ω—ã–π #–∑–∞–ø–∞—à–Ω—ã–π #—Å–∞–¥–∫–æ#—Ü–∏—Ä–∫–±—Ä–∞—Ç—å–µ–≤–∑–∞–ø–∞—à–Ω—ã—Ö#–æ—á–µ–º–≥–æ–≤–æ—Ä—è—Ç–º—É–∂—á–∏–Ω—ã #—Ü–∏—Ä–∫#circus #zapashnybrotherscircus #zapashny —Ñ–æ—Ç–æ –õ–µ–Ω–æ—á–∫–∏ @elenablednykh",273,9627,image,"2018-10-29 20:50:06",https://www.instagram.com/p/Bphqi1ohJW2
"–ê–º–±–∏—Ü–∏–∏üòâ‚òùÔ∏èüëè
@danielzapashny 
@yaroslavna_viktorovna 
#–º–∏–Ω–∏–¥–∏—Ä–µ–∫—Ç–æ—Ä#–º–∞–ª—ã—à—É–Ω—è#–¥–∞–Ω–∏—ç–ª—å–∑–∞–ø–∞—à–Ω—ã–π #—Ü–∏—Ä–∫—á–∏–Ω–∏–∑–µ–ª–ª–∏ #–¥–∏—Ä–µ–∫—Ç–æ—Ä#–º–æ–π—Å—ã–Ω—É–ª—å–∫–∞ #–ª—é–±–ª—é—Ç–µ–±—è #–ª—é–±–æ–≤—å #–ª–æ–∂–∞#vip#circus#circuschildren #circuslife #saintpetersburg #piter #—Å–∞–Ω–∫—Ç–ø–µ—Ç–µ—Ä–±—É—Ä–≥ #–ø–∏—Ç–µ—Ä#–¥–µ—Ç–∏–≤—Ü–∏—Ä–∫–µ",54,9237,image,"2018-10-29 11:45:25",https://www.instagram.com/p/BpgsNcWhzl0
"28 –æ–∫—Ç—è–±—Ä—è –≤ —Å–µ–ª–µ –£—Å–ø–µ–Ω—Å–∫–æ–µ –ø—Ä–æ–∏–∑–æ—à–ª–æ –Ω–∞–ø–∞–¥–µ–Ω–∏–µ —Ö–∏—â–Ω–∏–∫–∞ –Ω–∞ —Ä–µ–±—ë–Ω–∫–∞!üò≥
–õ—å–≤–∏—Ü–∞ —Å–º–æ–≥–ª–∞ —É–∫—É—Å–∏—Ç—å —Ä–µ–±—ë–Ω–∫–∞ –∑–∞ –≥–æ–ª–æ–≤—É! –ù–∞ –¥–∞–Ω–Ω—ã–π –º–æ–º–µ–Ω—Ç –∂–∏–∑–Ω–∏ —Ä–µ–±—ë–Ω–∫–∞ –Ω–∏ —á—Ç–æ –Ω–µ —É–≥—Ä–æ–∂–∞–µ—Ç!üôè
–°—á–∏—Ç–∞—é,—á—Ç–æ –≤–∏–Ω–∞ –ø–æ–ª–Ω–æ—Å—Ç—å—é –ª–µ–∂–∏—Ç –ø—Ä–µ–∂–¥–µ –≤—Å–µ–≥–æ –Ω–∞ –≤–ª–∞–¥–µ–ª—å—Ü–µ –∏ –¥–∏—Ä–µ–∫—Ç–æ—Ä–µ —ç—Ç–æ–≥–æ —à–∞–ø–∏—Ç–æ(¬´–†–æ–≥–∞ –∏ –ö–æ–ø—ã—Ç–∞¬ª),–Ω–∞ —Å–∞–º–æ–º –¥—Ä–µ—Å—Å–∏—Ä–æ–≤—â–∏–∫–µ –∏ –≤–∑—Ä–æ—Å–ª–æ–º,–∫–æ—Ç–æ—Ä—ã–π —Å–æ–ø—Ä–æ–≤–æ–∂–¥–∞–ª —ç—Ç–æ–≥–æ —Ä–µ–±—ë–Ω–∫–∞ –∏ –æ—Ç–ø—É—Å—Ç–∏–ª –µ–≥–æ –æ—Ç —Å–µ–±—è –Ω–∞—Ö–æ–¥—è—Å—å –Ω–∞ –ø–µ—Ä–≤–æ–º —Ä—è–¥—É!!!üò°üî•üò°
–í –æ—á–µ—Ä–µ–¥–Ω–æ–π —Ä–∞–∑ –ø—Ä–∏–∑—ã–≤–∞—é –≤–ª–∞—Å—Ç–∏ —Ä–∞—Å—Å–º–æ—Ç—Ä–µ—Ç—å –∑–∞–∫–æ–Ω –æ –ª–∏—Ü–µ–Ω–∑–∏—Ä–æ–≤–∞–Ω–∏–∏ —á–∞—Å—Ç–Ω—ã—Ö —Ü–∏—Ä–∫–æ–≤ –∏ –∑–æ–æ—Ü–∏—Ä–∫–æ–≤! –ö–æ–Ω—Ç—Ä–æ–ª—å –∏ –≤—ã–¥–∞—á—É –ª–∏—Ü–µ–Ω–∑–∏–π –≤–æ–∑–ª–æ–∂–∏—Ç—å –Ω–∞ –∫–æ–º–ø–∞–Ω–∏—é –†–æ—Å–≥–æ—Å—Ü–∏—Ä–∫!!!
#–Ω–∞–ø–∞–¥–µ–Ω–∏–µ—Ö–∏—â–Ω–∏–∫–∞#—á–ø#—à–∞–ø–∏—Ç–æ#—á–∞—Å—Ç–Ω—ã–π—Ü–∏—Ä–∫ #—Ä–æ–≥–∞–∏–∫–æ–ø—ã—Ç–∞ #–ª—å–≤–∏—Ü–∞#—Ä–µ–±–µ–Ω–æ–∫#—Ö–∏—â–Ω–∏–∫ #—Ç—Ä–∞–≥–µ–¥–∏—è#—á–ø#–¥–µ–∂—É—Ä–Ω–∞—è—á–∞—Å—Ç—å#–Ω–∞–∫–∞–∑–∞—Ç—å–≤–∏–Ω–æ–≤–Ω—ã—Ö",444,8975,video,"2018-10-28 22:14:22",https://www.instagram.com/p/BpfOmgdBJt3
"–≠—Ç–æ –ü–∏—Ç—Å–±—É—Ä–≥ –ö–∞–Ω–∞–¥–∞ –Ω–∞—à–∏ –¥–Ω–∏‚òùÔ∏è
–û—á–µ—Ä–µ–¥–Ω–∞—è –∞–∫—Ü–∏—è –∑–æ–æ–∑–∞—â–∏—Ç–Ω–∏–∫–æ–≤,–Ω–æ —è –≤–æ—Ç –ø–æ–π–º–∞–ª —Å–µ–±—è –Ω–∞ –∫–∞–∫–æ–π –º—ã—Å–ª–∏: –ø–æ—á–µ–º—É –∏–º–µ–Ω–Ω–æ –≠–¢–û–¢ –º–∞–ª–µ–Ω—å–∫–∏–π —Ä–µ—Å—Ç–æ—Ä–∞–Ω??? –ü–æ—á–µ–º—É –æ–Ω–∏ –Ω–µ –ø–∏–∫–µ—Ç–∏—Ä—É—é—Ç –∫—Ä—É–ø–Ω—ã—Ö –∏–≥—Ä–æ–∫–æ–≤,—Ç–∞–∫–∏—Ö –∫–∞–∫ McDonalds,KFC –∏–ª–∏ SUBWAY !?!?
–î–∞ –ø–æ—Ç–æ–º—É,—á—Ç–æ –°–¢–†–ê–®–ù–û,—Å—Ç—Ä–∞—à–Ω–æ –ø–æ–ª—É—á–∏—Ç—å –æ—Ç–≤–µ—Ç–∫—É! –í–µ–¥—å –≤—ã—à–µ –ø–µ—Ä–µ—á–∏—Å–ª–µ–Ω–Ω—ã–µ –∫–æ–º–ø–∞–Ω–∏–∏ –∑–∞—Ç–∞—Å–∫–∞—é—Ç –∏—Ö –ø–æ —Å—É–¥–∞–º –∏ –≤—ã–∏–≥—Ä–∞—é—Ç –º–Ω–æ–≥–æ–º–∏–ª–ª–∏–æ–Ω–Ω—ã–µ –∏—Å–∫–∏,–∞ –∑–∞—Ç–µ–º –∫—É–ø—è—Ç –∏—Ö –≤—Å–µ—Ö —Å –ø–æ—Ç—Ä–æ—Ö–∞–º–∏!ü§®
–ê –¥–µ—è—Ç–µ–ª—å–Ω–æ—Å—Ç—å –í–°–ï –¢–ê–ö–ò —Å–≤–æ—é –ø–æ–∫–∞–∑—ã–≤–∞—Ç—å –ù–ê–î–û‚òùÔ∏è,–∏–Ω–∞—á–µ –ª–∏—à–∞—Ç —Ñ–∏–Ω–∞–Ω—Å–∏—Ä–æ–≤–∞–Ω–∏—è!!!ü§¶‚Äç‚ôÇÔ∏èüò≥ü§¶‚Äç‚ôÇÔ∏è
–ú–æ–µ –º–Ω–µ–Ω–∏–µ —Ç–∞–∫–æ–µ: —Ö–æ—á–µ—à—å –ø–æ–±–µ–¥–∏—Ç—å –∑–ª–æ - –±–µ–π—Å—è —Å —Å–∞–º—ã–º —Å–∏–ª—å–Ω—ã–º!,–Ω–æ –≤–∏–¥–∏–º–æ –ù–ï–¢ –ñ–ï–õ–ê–ù–ò–Ø –∏ –¶–ï–õ–ò –°–û–í–ï–†–®–ï–ù–ù–û –î–†–£–ì–ò–ï!!!ü§∑‚Äç‚ôÇÔ∏è‚úä
#–∑–æ–æ–∑–∞—â–∏—Ç–∞ #–∑–æ–æ—à–∏–∑–∞#–º–∫–¥–æ–Ω–∞–ª—å–¥—Å #–∫—Ñ—Å #kfc #mcdonalds #—Ä–µ—Å—Ç–æ—Ä–∞–Ω #–ø–∏–∫–µ—Ç#–≤–µ–≥–∞–Ω #–≤–µ–≥–∞–Ω—Å—Ç–≤–æ #–≤–∏—Ç–∞#peta#–Ω–∞–¥–æ–ø–æ–¥—É–º–∞—Ç—å #—Ö—É–∂–µ–¥—É—Ä–∞–∫–∞—Ç–æ–ª—å–∫–æ–¥—É—Ä–∞–∫—Å–∏–Ω–∏—Ü–∏–∞—Ç–∏–≤–æ–π",110,6389,video,"2018-10-28 17:35:48",https://www.instagram.com/p/Bpeua9Fh8mp
"PETA(–Ω–∞ –∞–Ω–≥–ª–∏–π—Å–∫–æ–º)–æ–¥–Ω–∞ –∏–∑ —Å–∞–º—ã—Ö –º–æ—â–Ω—ã—Ö –∑–æ–æ–∑–∞—â–∏—Ç–Ω—ã—Ö –æ—Ä–≥–∞–Ω–∏–∑–∞—Ü–∏–π –≤ –º–∏—Ä–µ!
–ü—Ä–∏–º–µ—á–∞—Ç–µ–ª—å–Ω–æ,—á—Ç–æ –≤—á–µ—Ä–∞ –≤ ¬´–Æ–∂–Ω–æ–º –ø–∞—Ä–∫–µ¬ª —Å–∞–º–∏ –∞–º–µ—Ä–∏–∫–∞–Ω—Ü—ã –≤—ã—Å–º–µ–∏–≤–∞–ª–∏ –∏—Ö ¬´–ª—é–±–æ–≤—å –∫ –∂–∏–≤–æ—Ç–Ω—ã–º¬ª!ü§£ü§¶‚Äç‚ôÇÔ∏èü§∑‚Äç‚ôÇÔ∏èüëç
#—é–∂–Ω—ã–π–ø–∞—Ä–∫ #southpark #peta #vita #–ø–µ—Ç–∞#–≤–∏—Ç–∞#–∑–æ–æ—à–∏–∑–æ–∏–¥—ã#–∑–æ–æ–∑–∞—â–∏—Ç–∞ #–∫–∞–∫—Ç–æ—Ç–∞–∫#—é–º–æ—Ä#—Å–∞—Ä–∫–∞–∑–º #–Ω–∞–¥–æ–ø–æ–¥—É–º–∞—Ç—å #–∑–∞–∫–æ–Ω–Ω—É–∂–µ–Ω—Å–µ–π—á–∞—Å #–∑–∞—Ü–∏—Ä–∫–±–µ–∑–∂–∏–≤–æ—Ç–Ω—ã—Ö #–∑–∞_—Ü–∏—Ä–∫_–±–µ–∑_–∂–∏–≤–æ—Ç–Ω—ã—Ö #–±—Ä–µ–¥",39,6092,sidecar,"2018-10-28 12:46:57",https://www.instagram.com/p/BpeOdQUhK3v
"–ú–Ω–æ–≥–æ –ª–µ—Ç –Ω–∞–∑–∞–¥ –Ω–∞ –æ–¥–Ω–æ–º –∏–∑ –ú–µ–∂–¥—É–Ω–∞—Ä–æ–¥–Ω—ã—Ö —Ü–∏—Ä–∫–æ–≤—ã—Ö —Ñ–µ—Å—Ç–∏–≤–∞–ª–µ–π, –ø—Ä–∏ –∏—Å–ø–æ–ª–Ω–µ–Ω–∏–∏ –ø—Ä–∏–º–µ—Ä–Ω–æ —Ç–∞–∫–æ–≥–æ –∂–µ —Ç—Ä—é–∫–∞, —Å—Ç—Ä–µ–ª–∞ —É–≥–æ–¥–∏–ª–∞ –≤ –≥–æ–ª–æ–≤—É –∞—Ä—Ç–∏—Å—Ç—É!(–æ–Ω –æ—Å—Ç–∞–ª—Å—è –∂–∏–≤)!‚òùÔ∏èüò≥
#—Ü–∏—Ä–∫#–∞—Ä–±–∞–ª–µ—Ç—ã #—Å—Ç—Ä–µ–ª—å–±–∞#—Å—É–ø–µ—Ä—Ç—Ä—é–∫#–æ–ø–∞—Å–Ω–æ#—Å–ª–æ–∂–Ω–æ #circus #danger #dangerous #circusartist #arbalete #usa #–∞–º–µ—Ä–∏–∫–∞",103,7795,video,"2018-10-28 00:58:20",https://www.instagram.com/p/Bpc80tghoor
"–ê —Å–µ–≥–æ–¥–Ω—è —è —Ö–æ—á—É —Ä–∞—Å—Å–∫–∞–∑–∞—Ç—å –≤–∞–º –æ –¢–∞–ª–∞–Ω—Ç–ª–∏–≤–æ–π –∏ –¢—Ä—É–¥–æ–ª—é–±–∏–≤–æ–π –í–∏–æ–ª–µ—Ç—Ç–µ –ê–ª–µ–∫—Å–∞–Ω–¥—Ä–æ–≤–æ–π-–°–µ—Ä–∂ @violettaserg üëè
–ê—Ä—Ç–∏—Å—Ç–∫–∞ –≤ –∂–∞–Ω—Ä–µ –¥–∂–∏–≥–∏—Ç–æ–≤–∫–∏ –∏ –¥—Ä–µ—Å—Å—É—Ä—ã.–ü—Ä–µ–¥—Å—Ç–∞–≤–∏—Ç–µ–ª—å 5-–≥–æ –ø–æ–∫–æ–ª–µ–Ω–∏—è —Ü–∏—Ä–∫–æ–≤–æ–π –¥–∏–Ω–∞—Å—Ç–∏–∏ –ê–ª–µ–∫—Å–∞–Ω–¥—Ä–æ–≤—ã—Ö-–°–µ—Ä–∂,–∫–æ—Ç–æ—Ä–∞—è –Ω–∞—Å—á–∏—Ç—ã–≤–∞–µ—Ç –±–æ–ª—å—à–µ 160 –ª–µ—Ç.
–û—Ç–µ—Ü - –≤—ã–¥–∞—é—â–∏–π—Å—è  –ø–æ—Ç–æ–º—Å—Ç–≤–µ–Ω–Ω—ã–π –∞—Ä—Ç–∏—Å—Ç, –º–∞–º–∞-–º–∞—Å—Ç–µ—Ä —Å–ø–æ—Ä—Ç–∞ –ø–æ —Å–ø–æ—Ä—Ç–∏–≤–Ω–æ–π –≥–∏–º–Ω–∞—Å—Ç–∏–∫–µ –≤ 17 –ª–µ—Ç –ø—Ä–∏—à–µ–¥—à–∞—è –≤ —Ü–∏—Ä–∫‚ú®
–í–∏–æ–ª–µ—Ç—Ç–∞ —Å 18 –ª–µ—Ç —Ä—É–∫–æ–≤–æ–¥–∏—Ç –∫–æ–Ω–Ω–æ-–∞–∫—Ä–æ–±–∞—Ç–∏—á–µ—Å–∫–∏–º –∞–Ω—Å–∞–º–±–ª–µ–º –ø–æ—Å–ª–µ –≤–Ω–µ–∑–∞–ø–Ω–æ–π —Å–º–µ—Ä—Ç–∏ —Å–≤–æ–µ–≥–æ –æ—Ç—Ü–∞.–ü–∞–º—è—Ç—å –æ –ø–∞–ø–µ –∏ –ø–æ–¥–¥–µ—Ä–∂–∫–∞ –º–∞–º—ã –ø–æ–º–æ–≥–∞–ª–∞ –¥–≤–∏–≥–∞—Ç—å—Å—è –≤–ø–µ—Ä—ë–¥,–Ω–æ –æ–Ω–∞ –≤—Å–µ–≥–¥–∞ —á—É–≤—Å—Ç–≤—É–µ—Ç ,—á—Ç–æ –æ—Ç–µ—Ü —Ä—è–¥–æ–º –∏ —ç—Ç–æ –ø—Ä–∏–¥–∞—ë—Ç –µ–π –±–æ–ª—å—à–µ —Å–∏–ª –Ω–∞ –Ω–æ–≤—ã–µ  –¥–æ—Å—Ç–∏–∂–µ–Ω–∏—è.
–¢—Ä–∞–¥–∏—Ü–∏–æ–Ω–Ω–æ –¥–ª—è —Å–≤–æ–µ–π —Å–µ–º—å–∏ —Ç–≤–æ—Ä—á–µ—Å–∫—É—é –∫–∞—Ä—å–µ—Ä—É –Ω–∞ –ª–æ—à–∞–¥–∏ –≤ –º–∞–Ω–µ–∂–µ –Ω–∞—á–∞–ª–∞ —Å 5 –ª–µ—Ç.–í 10 –ª–µ—Ç —É–∂–µ –∏—Å–ø–æ–ª–Ω—è–ª–∞ –≤–∑—Ä–æ—Å–ª—ã–µ —Ç—Ä—é–∫–∏ –≤ –∂–∞–Ω—Ä–µ  –¥–∂–∏–≥–∏—Ç–æ–≤–∫–∞. 
–í —Å–≤–æ–µ–º –Ω–æ–º–µ—Ä–µ –≤—ã–ø–æ–ª–Ω—è–µ—Ç –≤ –æ—Å–Ω–æ–≤–Ω–æ–º —Å–ª–æ–∂–Ω—ã–µ –º—É–∂—Å–∫–∏–µ —Ç—Ä—é–∫–∏ —Å –∂–µ–Ω—Å–∫–æ–π –≥—Ä–∞—Ü–∏–æ–∑–Ω–æ—Å—Ç—å—éüòâüî•üëç
–¢–∞–∫–∂–µ –∑–∞–Ω–∏–º–∞–µ—Ç—Å—è –¥—Ä–µ—Å—Å—É—Ä–æ–π –ª–æ—à–∞–¥–µ–π,–ø–æ–Ω–∏ –∏ —Å–æ–±–∞–∫.
–ó–∞–∫–æ–Ω—á–∏–ª–∞ –°–ü–ë–ì–£–ö–ò.
–ù–µ –æ–±–æ—à–ª–æ—Å—å –±–µ–∑ —Ç—Ä–∞–≤–º: –ø–µ—Ä–µ–ª–æ–º,—Å–æ—Ç—Ä—è—Å–µ–Ω–∏–µ,–Ω–∞–¥—Ä—ã–≤—ã —Å–≤—è–∑–æ–∫, 2 –æ–ø–µ—Ä–∞—Ü–∏–∏ –ø–æ —Ä–∞–∑—Ä—ã–≤—É –∫–æ–ª–µ–Ω–Ω–æ–π —Å–≤—è–∑–∫–∏(–≤—Ç–æ—Ä–∞—è —É–∂–µ –±—ã–ª–∞ —Å –Ω–∞—Ä–∞—â–∏–≤–∞–µ–º –∫–æ—Å—Ç–∏)ü§®–ù–æ –≤—Å–µ —ç—Ç–æ –Ω–µ —Å–º–æ–≥–ª–æ –æ—Å—Ç–∞–Ω–æ–≤–∏—Ç—å –æ—Å–Ω–æ–≤–Ω–æ–µ –∂–µ–ª–∞–Ω–∏–µ: –ø–æ–±—ã—Å—Ç—Ä–µ–µ –≤–µ—Ä–Ω—É—Ç—å—Å—è –∫ –ª—é–±–∏–º–æ–π —Ä–∞–±–æ—Ç–µüòç
–° –í–∏–æ–ª–µ—Ç—Ç–æ–π –≤ –µ—ë –¥—Ä—É–∂–Ω–æ–º –∫–æ–ª–ª–µ–∫—Ç–∏–≤–µ –ø–æ—á—Ç–∏ 10 –ª–µ—Ç —Ä–∞–±–æ—Ç–∞–µ—Ç –µ–µ –º—É–∂(–≤ –ø—Ä–æ—à–ª–æ–º —Å–ø–æ—Ä—Ç.–≥–∏–º–Ω–∞—Å—Ç), —Å –∫–æ—Ç–æ—Ä—ã–º –æ–Ω–∏ –≤–º–µ—Å—Ç–µ –∏–¥—É—Ç –ø–æ —Ç–≤–æ—Ä—á–µ—Å–∫–æ–º—É  –ø—É—Ç–∏,–∫–∞–∂–¥—ã–π –¥–µ–Ω—å, —Ä–∞–±–æ—Ç–∞—è –Ω–∞–¥ —Å–æ–±–æ–π.
–û–Ω–∞ –≥–æ—Ä–¥–∏—Ç—Å—è,—á—Ç–æ –≤ –µ—ë –Ω–æ–º–µ—Ä–µ —Ä–∞–±–æ—Ç–∞—é—Ç –∞—Ä—Ç–∏—Å—Ç—ã,–∫–æ—Ç–æ—Ä—ã–µ —Ç–∞–∫–∂–µ –∫–∞–∫ –∏ –æ–Ω–∞ –ª—é–±—è—Ç –ª–æ—à–∞–¥–µ–π, —Ü–∏—Ä–∫–æ–≤–æ–µ –∏—Å–∫—É—Å—Å—Ç–≤–æ –∏ –ø–æ–ª–Ω–æ—Å—Ç—å—é –æ—Ç–¥–∞—é—Ç—Å—è —Å–≤–æ–µ–º—É –¥–µ–ª—É‚úä
–£ –∞—Ä—Ç–∏—Å—Ç–∫–∏ –µ—Å—Ç—å 2 –ø—Ä–µ–∫—Ä–∞—Å–Ω—ã—Ö —Å—ã–Ω–∞,–∫–æ—Ç–æ—Ä—ã–º 6 –∏ 2 –≥–æ–¥–∞.–°—Ç–∞—Ä—à–∏–π - —É–∂–µ –ø–æ–º–æ—â–Ω–∏–∫ –∏ —Å –∏–Ω—Ç–µ—Ä–µ—Å–æ–º —Ä–µ–ø–µ—Ç–∏—Ä—É–µ—Ç —Ç—Ä—é–∫–∏ –Ω–∞ –ª–æ—à–∞–¥—è—Ö. –ú–ª–∞–¥—à–∏–π-–ø–æ–∑–Ω–∞–µ—Ç –ø–µ—Ä–≤—ã–µ –∞–∑—ã —ç—Ç–æ–π –ø—Ä–æ—Ñ–µ—Å—Å–∏–∏, –Ω–æ —É–∂–µ —Ç–æ–∂–µ —Å–∏–ª—å–Ω–æ –ª—é–±–∏—Ç –ª–æ—à–∞–¥–µ–πüòé
–õ–æ—à–∞–¥–∏ –¥–ª—è –í–∏–æ–ª–µ—Ç—Ç—ã-  —Ä–æ–¥–Ω—ã–µ –¥–µ—Ç–∏.–û–Ω–∞ —Å—Ç–∞—Ä–∞–µ—Ç—Å—è –∏—Ö –æ–±–µ—Å–ø–µ—á–∏—Ç—å –≤—Å–µ–º –Ω–µ–æ–±—Ö–æ–¥–∏–º—ã–º: –ª–µ—á–∏—Ç,—Å–æ—Å—Ç–∞–≤–ª—è–µ—Ç —Ä–∞—Ü–∏–æ–Ω –∫–æ—Ä–º–ª–µ–Ω–∏—è,–∫–æ–Ω—Ç—Ä–æ–ª–∏—Ä—É–µ—Ç –∏ —Å–∞–º–∞ —É—Ö–∞–∂–∏–≤–∞–µ—Ç –∑–∞ –Ω–∏–º–∏. –ê —Ç–∞–∫ –∂–µ –ø–æ—Å—Ç–æ—è–Ω–Ω–æ  –¥–µ–ª–∏—Ç—Å—è –≤ —Å–≤–æ–∏—Ö —Å–æ—Ü.—Å–µ—Ç—è—Ö ,–∫–∞–∫ –∂–∏–≤—É—Ç –µ—ë —Ü–∏—Ä–∫–æ–≤—ã–µ –ª–æ—à–∞–¥–∏‚òùÔ∏è
–û—Å–Ω–æ–≤–Ω–æ–µ –∂–µ–ª–∞–Ω–∏–µ —É –Ω–∞—à–µ–π –≥–µ—Ä–æ–∏–Ω–∏: —á—Ç–æ–±—ã –∂–∏–≤–æ—Ç–Ω—ã–µ –∏ —Ä–æ–¥–Ω—ã–µ –±—ã–ª–∏ –∑–¥–æ—Ä–æ–≤—ã.–í–∏–æ–ª–µ—Ç—Ç–∞ –º–µ—á—Ç–∞–µ—Ç,—á—Ç–æ–±—ã –†–æ—Å—Å–∏–π—Å–∫–∏–π —Ü–∏—Ä–∫ –≤—Å–µ–≥–¥–∞ –ø—Ä–æ—Ü–≤–µ—Ç–∞–ª –∏ —Å—ã–Ω–æ–≤—å—è –¥–æ—Å—Ç–æ–π–Ω–æ –ø—Ä–æ–¥–æ–ª–∂–∞–ª–∏ –°–ª–∞–≤–Ω—É—é –î–∏–Ω–∞—Å—Ç–∏—é –ê–ª–µ–∫—Å–∞–Ω–¥—Ä–æ–≤—ã—Ö-–°–µ—Ä–∂‚ò∫Ô∏èüëèüëèüëè
#—Ç–∞–ª–∞–Ω—Ç–ª–∏–≤—ã–µ–∏—Ç—Ä—É–¥–æ–ª—é–±–∏–≤—ã–µ#—Ü–∏—Ä–∫#–ª—É—á—à–∞—è–∏–∑–ª—É—á—à–∏—Ö #circus #–¥–∂–∏–≥–∏—Ç—ã#–ª–æ—à–∞–¥–∏#–¥–∂–∏–≥–∏—Ç–æ–≤–∫–∞#—Ä–æ—Å–≥–æ—Å—Ü–∏—Ä–∫#horses #—Ç—Ä—É–¥",63,6944,sidecar,"2018-10-27 16:36:45",https://www.instagram.com/p/BpcD9goBvdR
"–°–µ–≥–æ–¥–Ω—è –≤ –ì–£–ú–µ –º—ã —Å –±—Ä–∞—Ç–æ–º –ø—Ä–∏–º–µ—Ä–∏–ª–∏ –∫–æ—Å—Ç—é–º Paul Smith ¬´A Suit to Travel in¬ª —Å –∏–∑–æ–±—Ä–∞–∂–µ–Ω–∏–µ–º –ë–æ–ª—å—à–æ–≥–æ –ú–æ—Å–∫–æ–≤—Å–∫–æ–≥–æ –≥–æ—Å—É–¥–∞—Ä—Å—Ç–≤–µ–Ω–Ω–æ–≥–æ —Ü–∏—Ä–∫–∞ –Ω–∞ –ø–æ–¥–∫–ª–∞–¥–∫–µüëç
¬´A Suit to Travel in¬ª. –≠—Ç–∞ –º–æ–¥–µ–ª—å –ø—Ä–∏–¥—É–º–∞–Ω–∞ —Å–ø–µ—Ü–∏–∞–ª—å–Ω–æ –¥–ª—è –∞–∫—Ç–∏–≤–Ω—ã—Ö –ª—é–¥–µ–π –∞–Ω–≥–ª–∏–π—Å–∫–∏–º –¥–∏–∑–∞–π–Ω–µ—Ä–æ–ºüá¨üáß –ö–æ—Å—Ç—é–º —Å—à–∏—Ç –∏–∑ —Å–ø–µ—Ü–∏–∞–ª—å–Ω–æ–π —à–µ—Ä—Å—Ç–∏, –∫–æ—Ç–æ—Ä–∞—è –Ω–µ –º–Ω–µ—Ç—Å—èüí™ü•áüëç
–í—Å–µ–º –ø–æ–∫—É–ø–∞—Ç–µ–ª—è–º —Å–ø–µ—Ü–∏–∞–ª—å–Ω—ã–π –ø–æ–¥–∞—Ä–æ–∫ –æ—Ç –ë–æ–ª—å—à–æ–≥–æ –ú–æ—Å–∫–æ–≤—Å–∫–æ–≥–æ –¶–∏—Ä–∫–∞üëèüëèüëè
#PaulSmithXBosco #Bosco #BoscoDiCiliegi#–±—Ä–∞—Ç—å—è–∑–∞–ø–∞—à–Ω—ã–µ #–∫–æ—Å—Ç—é–º #–º—É–∂—Å–∫–æ–π–∫–æ—Å—Ç—é–º #—Ü–∏—Ä–∫#–±–º–≥—Ü #–±–æ–ª—å—à–æ–π–º–æ—Å–∫–æ–≤—Å–∫–∏–π—Ü–∏—Ä–∫ #–≥—É–º#–±—É—Ç–∏–∫#–∞–Ω–≥–ª–∏—è#–≤–µ–ª–∏–∫–æ–±—Ä–∏—Ç–∞–Ω–∏—è #england #greatbritain #zapashnybrotherscircus #circus #nicesuit",158,10253,sidecar,"2018-10-27 14:39:30",https://www.instagram.com/p/Bpb2iubhZn2
"–ü–æ–∑–¥—Ä–∞–≤–ª—è—é –ø–æ–±–µ–¥–∏—Ç–µ–ª–µ–πüëèüëèüëè
#–∫–æ–Ω–∫—É—Ä—Å#–ø–æ–±–µ–¥–∏—Ç–µ–ª–∏#–ø–æ–¥–∞—Ä–∫–∏#—Å—à–∞#—Ñ–µ–¥–æ—Ä–µ–º–µ–ª—å—è–Ω–µ–Ω–∫–æ #–µ–º–µ–ª—å—è–Ω–µ–Ω–∫–æ #fedorteam #usa#–∑–∞–ø–∞—à–Ω—ã–π #—ç–¥–≥–∞—Ä–¥–∑–∞–ø–∞—à–Ω—ã–π #–ª—É—á—à–µ–µ–¥–ª—è–ª—É—á—à–∏—Ö",29,4979,video,"2018-10-27 00:53:58",https://www.instagram.com/p/BpaX7NzB2Fr
"–ó–∞–≤—Ç—Ä–∞ —É—Ç—Ä–æ–º –Ω–∞ ¬´–ó–≤–µ–∑–¥–µ¬ª!üëè‚òùÔ∏èüëè
#–ª–µ–≥–µ–Ω–¥—ã—Ü–∏—Ä–∫–∞—Å—ç–¥–≥–∞—Ä–¥–æ–º–∑–∞–ø–∞—à–Ω—ã–º #–ª–µ–≥–µ–Ω–¥—ã—Ü–∏—Ä–∫–∞ #—ç–¥–≥–∞—Ä–¥–∑–∞–ø–∞—à–Ω—ã–π #–µ–≤–≥–µ–Ω–∏–π—à–µ–≤—Ü–æ–≤ #–∑–∞–ø–∞—à–Ω—ã–π #—à–µ–≤—Ü–æ–≤ #—Ç–≤–∑–≤–µ–∑–¥–∞ #–∑–≤–µ–∑–¥–∞#–±—É–¥–µ—Ç–∏–Ω—Ç–µ—Ä–µ—Å–Ω–æ#—Ä–µ–∂–∏—Å—Å–µ—Ä #—Ä–µ–∂–∏—Å—Å—É—Ä–∞ #–ª—É—á—à–µ–µ–¥–ª—è–ª—É—á—à–∏—Ö #—Å–º–æ—Ç—Ä–∏–º#—Å—É–±–±–æ—Ç–∞",74,8060,video,"2018-10-26 15:20:47",https://www.instagram.com/p/BpZWJTEhOxo
"–ù–∏–∫–æ–ª–∞–π –ü–µ—Ç—Ä–æ–≤–∏—á,–ø–æ–∫–æ–π—Ç–µ—Å—å —Å –º–∏—Ä–æ–ºüôèüôèüôè",324,8919,image,"2018-10-26 10:10:37",https://www.instagram.com/p/BpYy-haBCpW
"-–ö–∞–∫ —Ñ–∞–º–∏–ª–∏—è ?
-–ó–∞–ø–∞—à–Ω–∞—è!
#–Ω–∞–¥–æ—Ä–∞–±–æ—Ç–∞—Ç—å #–º–æ—è–¥–æ—á–∫–∞ #—Å—Ç–µ—Ñ–∞–Ω–∏—è–∑–∞–ø–∞—à–Ω–∞—è #–≥–ª–æ—Ä–∏—è–∑–∞–ø–∞—à–Ω–∞—è #—Å–µ—Å—Ç—Ä—ã–∑–∞–ø–∞—à–Ω—ã–µ #–∑–∞–ø–∞—à–Ω—ã–µ#zapashnybrotherscircus #zapashny #circus#—Ü–∏—Ä–∫#–≤–æ–∑–¥—É—à–Ω–∞—è–≥–∏–º–Ω–∞—Å—Ç–∏–∫–∞ #—Å–µ–º—å–ª–µ—Ç#–ø–µ—Ä–≤—ã–π–∫–ª–∞—Å—Å #–¥–µ—Ç—Å—Ç–≤–æ#–≥–∏–º–Ω–∞—Å—Ç–∏–∫–∞#–¥–æ—á—É—Ä–∫–∞",547,15802,video,"2018-10-25 15:55:39",https://www.instagram.com/p/BpW1TGQhG2X
"–°–µ–Ω—Å–∞—Ü–∏–æ–Ω–Ω–æ–µ –ø—Ä–∏–∑–Ω–∞–Ω–∏–µ –≠–¥–≥–∞—Ä–¥–∞ –ó–∞–ø–∞—à–Ω–æ–≥–æ –Ω–∞ —é–±–∏–ª–µ–µ –†—É–¥–æ–ª—å—Ñ–∞ –§—É—Ä–º–∞–Ω–æ–≤–∞!‚òùÔ∏è
–¢–µ–ø–µ—Ä—å –≤—ã –∑–Ω–∞–µ—Ç–µ –≤—Å–µ ü§¶‚Äç‚ôÇÔ∏èü§£
#—ç–¥–≥–∞—Ä–¥–∑–∞–ø–∞—à–Ω—ã–π #—Ä—É–¥–æ–ª—å—Ñ—Ñ—É—Ä–º–∞–Ω–æ–≤ #–±—Ä–∞—Ç—å—è–∑–∞–ø–∞—à–Ω—ã–µ #–∑–∞–ø–∞—à–Ω—ã–π #—Ñ—É—Ä–º–∞–Ω–æ–≤ #–∞–ª–µ–∫—Å–∞–Ω–¥—Ä–∏–Ω–∫–∞ #—Ç–µ–∞—Ç—Ä#—é–±–∏–ª–µ–π#–≤—Å—è–ø—Ä–∞–≤–¥–∞ #–≥–æ–≤–æ—Ä–∏–ø—Ä–∞–≤–¥—É #–ø—Ä–∞–≤–¥–∞#–±—Ä–∞—Ç—å—è–∑–∞–ø–∞—à–Ω—ã–µ #—Ç–µ–∞—Ç—Ä–∞–ª—å–Ω–∞—è–≥–æ—Å—Ç–∏–Ω–∞—è",46,7679,video,"2018-10-25 11:11:18",https://www.instagram.com/p/BpWUrF-B3xf
"–®–æ–ø–∏–Ω–≥ –¥–ª—è –º–∞–ª—ã—à—É–Ω–∏ ‚òùÔ∏èüòÅüòç
@danielzapashny 
–û–ø–µ—Ä–∞—Ç–æ—Ä @yaroslavna_viktorovna 
–ú–æ–Ω—Ç–∞–∂ @kapustinkirill 
#–¥–∞–Ω–∏—ç–ª—å–∑–∞–ø–∞—à–Ω—ã–π #–¥–∏–Ω–∞—Å—Ç–∏—è–∑–∞–ø–∞—à–Ω—ã—Ö #—ç–¥–≥–∞—Ä–¥–∑–∞–ø–∞—à–Ω—ã–π #–∑–∞–ø–∞—à–Ω—ã–π#–∑–∞–ø–∞—à–Ω—ã–µ#—Ü–∏—Ä–∫#–º–∞–ª—ã—à—É–Ω—è #—è–ª—é–±–ª—é—Ü–∏—Ä–∫ #–º–æ–π—Å—ã–Ω—É–ª—è #–º–∞–ª—ã—à—É–Ω—è #zapashnybrotherscircus #zapashny #myson #mybaby #–ª—é–±–ª—é—Ç–µ–±—è #–ª—é–±–æ–≤—å#–¥–∂–æ—Ä–¥–∞–Ω #jordan#—è–∂–æ—Ç–µ—Ü#—è–∂–ø–∞–ø–∞#–ø–∞–ø–∞",163,9180,video,"2018-10-25 09:36:16",https://www.instagram.com/p/BpWJ720hS_Q
"–£ –Ω–∞—à–∏—Ö –¥—Ä—É–∑–µ–π –ö–∞—Ä–∏–Ω—ã @karinabagdasarova_ –∏ –ê—Ä—Ç—É—Ä–∞ –ë–∞–≥–¥–∞—Å–∞—Ä–æ–≤—ã—Ö @artur_bagdasarov_official —Ä–æ–¥–∏–ª–∏—Å—å —Ç–∏–≥—Ä—è—Ç–∞ üëè‚ò∫Ô∏èüëç
–ú–∞–º–∞ –≠—Ä–Ω–∞,–∞ –ø–∞–ø–∞ —Å –≥—Ä–æ–∑–Ω—ã–º –∏–º–µ–Ω–µ–º –ì–µ–∫—Ç–æ—Ä‚òùÔ∏èüî•üí™
–ó–∞ —Å—É–¥—å–±–æ–π —Ç–∏–≥—Ä—è—Ç –≤—ã –º–æ–∂–µ—Ç–µ —Å–ª–µ–¥–∏—Ç—å –Ω–∞ —Å—Ç—Ä–∞–Ω–∏—Ü–∞—Ö —Ä–µ–±—è—Ç!
#–±–∞–≥–¥–∞—Å–∞—Ä–æ–≤—ã #–∞—Ä—Ç—É—Ä–±–∞–≥–¥–∞—Å–∞—Ä–æ–≤ #–∫–∞—Ä–∏–Ω–∞–±–∞–≥–¥–∞—Å–∞—Ä–æ–≤–∞ #—Ç–∏–≥—Ä—è—Ç–∞#—É—Å—Å—É—Ä–∏–π—Å–∫–∏–π—Ç–∏–≥—Ä #—Ç–∏–≥—Ä#—Ü–∏—Ä–∫#circus #circusanimals #ilovecircus #–∑–∞—Ü–∏—Ä–∫–±–µ–∑–∂–∏–≤–æ—Ç–Ω—ã—Ö #–∑–∞_—Ü–∏—Ä–∫_–±–µ–∑_–∂–∏–≤–æ—Ç–Ω—ã—Ö #–∑–∞–∫–æ–Ω_–Ω—É–∂–µ–Ω_—Å–µ–π—á–∞—Å #–∑–æ–æ–∑–∞—â–∏—Ç–∞#–∑–æ–æ—à–∏–∑–∞ #—à–∞—Ö–∏–º–∞—Ç #—è–ª—é–±–ª—é—Ü–∏—Ä–∫",218,10928,sidecar,"2018-10-24 10:56:44",https://www.instagram.com/p/BpTuqgoBZgc
"¬´–ì–æ–ª–æ–¥–∞—é—â–∏–π –ü–æ–≤–æ–ª–∂—å—è¬ªü§£ü§£ü§£
@danielzapashny 
#–º–∞–ª—ã—à—É–Ω—è #–¥–∞–Ω–∏—ç–ª—å–∑–∞–ø–∞—à–Ω—ã–π #–º–æ–π—Å—ã–Ω—É–ª—å–∫–∞#–ª—é–±–ª—é—Ç–µ–±—è #–¥–∏–Ω–∞—Å—Ç–∏—è–∑–∞–ø–∞—à–Ω—ã—Ö #–∑–∞–ø–∞—à–Ω—ã–π #myson#mylove #love#mybaby #–ª—é–±–æ–≤—å",178,10624,image,"2018-10-24 10:22:28",https://www.instagram.com/p/BpTqviYhJZ8
"–†—É–¥–æ–ª—å—Ñ—É –§—É—Ä–º–∞–Ω–æ–≤—É 80 –ª–µ—Çüëèüëèüëè
#—Ñ—É—Ä–º–∞–Ω–æ–≤#—é–±–∏–ª–µ–π#80–ª–µ—Ç#–∞–ª–µ–∫—Å–∞–Ω–¥—Ä–∏–Ω–∫–∞ #–∞–ª–µ–∫—Å–∞–Ω–¥—Ä–∏–π—Å–∫–∏–π—Ç–µ–∞—Ç—Ä #—Å–∞–Ω–∫—Ç–ø–µ—Ç–µ—Ä–±—É—Ä–≥ #–ø–∏—Ç–µ—Ä#–ø—Ä—è–º–æ–π—ç—Ñ–∏—Ä #–ø–æ—Ä–µ—á–µ–Ω–∫–æ–≤#–ª–∞–Ω–æ–≤–æ–π#–Ω–µ–º–æ–ª—è–µ–≤–∞#–ª–∞–∑–∞—Ä–µ–≤#–≥–µ—Ä–≥–∏–µ–≤ #–∑–∞–ø–∞—à–Ω—ã–π",35,6792,video,"2018-10-23 18:00:16",https://www.instagram.com/p/BpR6DE_henr
"–ë—Ä–∞—Ç—å—è –ó–∞–ø–∞—à–Ω—ã–µ vs –ë—Ä–∞—Ç—å—è –†–æ–º–∞—à–æ–≤—ã!!!‚úäüá∑üá∫üëç
–ü–æ–¥—Ä–æ–±–Ω–æ—Å—Ç–∏ –≤–æ –≤—Ç–æ—Ä–æ–º –≤–∏–¥–µ–æüòâ
@rezbaru.ru @rezbaru 
#–±—Ä–∞—Ç—å—è–∑–∞–ø–∞—à–Ω—ã–µ #–±—Ä–∞—Ç—å—è—Ä–æ–º–∞—à–æ–≤—ã#–∑–∞–ø–∞—à–Ω—ã–µ#—Ä–æ–º–∞—à–æ–≤—ã#—Ä–µ–∑—å–±–∞–ø–æ–¥–µ—Ä–µ–≤—É #–ª—É—á—à–µ–µ–¥–ª—è–ª—É—á—à–∏—Ö #—Å—É–ø–µ—Ä–ø–æ–¥–∞—Ä–æ–∫#—Å–ø–∞—Å–∏–±–æ #–ø–æ–Ω—Ä–∞–≤–∏–ª–æ—Å—å #—Ö–æ—á—É—Ç–∞–∫–æ–π",96,10861,sidecar,"2018-10-23 13:24:03",https://www.instagram.com/p/BpRaupjhLrn
"–ó–∞–≤–µ—Ä—à–∏–ª—Å—è 19-–π ¬´–ú–µ–∂–¥—É–Ω–∞—Ä–æ–¥–Ω—ã–π —Ü–∏—Ä–∫–æ–≤–æ–π —Ñ–µ—Å—Ç–∏–≤–∞–ª—å –≤ –≥.–õ–∞—Ç–∏–Ω–æ¬ª –ò—Ç–∞–ª–∏—è!!! üáÆüáπ –ì–ª–∞–≤–Ω—ã–µ –Ω–∞–≥—Ä–∞–¥—ã —Ñ–µ—Å—Ç–∏–≤–∞–ª—è –¥–æ—Å—Ç–∞–ª–∏—Å—å –∞—Ä—Ç–∏—Å—Ç–∞–º ¬´–ë–æ–ª—å—à–æ–≥–æ –ú–æ—Å–∫–æ–≤—Å–∫–æ–≥–æ —Ü–∏—Ä–∫–∞¬ª @greatcircus_ru : ¬´–ü–æ–¥–∫–∏–¥–Ω—ã–µ –¥–æ—Å–∫–∏¬ª –ø/—Ä –ê–Ω–∞—Ç–æ–ª–∏—è –†—É–±–∞–Ω–∞ –∏ ¬´–í—Å—Ç—Ä–µ—á–Ω—ã–µ –∫–∞—á–µ–ª–∏¬ª –ø/—Ä –ê–ª–µ–∫—Å–µ—è –ü—Ä–æ–Ω–∏–Ω–∞ @alex_vip_pronin_ !üá∑üá∫
–°–ø–µ—Ü–∏–∞–ª—å–Ω—ã–π –ø—Ä–∏–∑ ¬´–ö–æ—Ä–æ–ª–µ–≤—Å–∫–æ–≥–æ –¶–∏—Ä–∫–∞ –ì–∏–∏ –≠—Ä–∞–¥–∑–µ¬ª @royalcircusgiaeradze –¥–æ—Å—Ç–∞–ª—Å—è –ë–∞–ª–µ—Ç—É ¬´–ë–æ–ª—å—à–æ–≥–æ –ú–æ—Å–∫–æ–≤—Å–∫–æ–≥–æ –¶–∏—Ä–∫–∞¬ª –ø/—Ä –û–ª—å–≥–∏ –ü–æ–ª—Ç–∞—Ä–∞–∫ @olgapoltarak –∏ –ï–≤–≥–µ–Ω–∏—è –®–µ–≤—Ü–æ–≤–∞ @shevtsovevgeny 
–¢–∞–∫ –∂–µ –ó–æ–ª–æ—Ç—ã–µ –Ω–∞–≥—Ä–∞–¥—ã —Å —Å–æ–±–æ–π —É–≤–µ–∑–ª–∏ –∞–∫—Ä–æ–±–∞—Ç—ã –∏–∑ –ö–ù–† üá®üá≥ –∏ –¥—Ä–µ—Å—Å–∏—Ä–æ–≤—â–∏–∫–∏ –õ–æ—à–∞–¥–µ–π –∏ –¢–∏–≥—Ä–æ–≤ –§–ª–∞–≤–∏–æ –∏ –ë—Ä—É–Ω–æ –¢–æ–Ω–∏(–ò—Ç–∞–ª–∏—è)! üáÆüáπ –ü–û–ó–î–†–ê–í–õ–Ø–Æü•áüëèü•áüëèü•á
@mincult_russia @izvestia_ru 
@ria_novosti @1tv @tvrussia @vesti24 @rossiya24official @ntvru @tvc_russia @russkoe_radio @avtoradioru 
#—Ä–æ—Å—Å–∏—è–≤–ø–µ—Ä–µ–¥#—Ü–∏—Ä–∫#–ª—é–±–ª—é—Ü–∏—Ä–∫#–±–æ–ª—å—à–æ–π–º–æ—Å–∫–æ–≤—Å–∫–∏–π—Ü–∏—Ä–∫ #–±–º–≥—Ü#–∞–∫—Ä–æ–±–∞—Ç—ã#–ª—É—á—à–∏–µ–∏–∑–ª—É—á—à–∏—Ö #–≥–æ—Ä–¥–∏–º—Å—è#—É—Ä–∞#–º–æ–ª–æ–¥—Ü—ã#circus #festival #ilovecircus",43,6789,sidecar,"2018-10-23 02:30:59",https://www.instagram.com/p/BpQP_cohvd7
"–ò –∫–∞–∫–∏–µ –º–µ—Ä—ã –ø—Ä–µ–¥–ø—Ä–∏–º—É—Ç ¬´–ó–û–û–ó–ê–©–ò–¢–ù–ò–ö–ò¬ª???
13.000 –±–µ–≥–µ–º–æ—Ç–æ–≤ –æ–∫–∫—É–ø–∏—Ä–æ–≤–∞–ª–∏ —Ä–µ–∫—É,–∫–æ—Ç–æ—Ä–∞—è —Ä–∞—Å—Å—á–∏—Ç–∞–Ω–∞ –º–∞–∫—Å–∏–º—É–º –Ω–∞ 5.000.
–û–¥–∏–Ω –≤–∏–¥ –∂–∏–≤–æ—Ç–Ω—ã—Ö –ø—Ä–µ–æ–±–ª–∞–¥–∞–µ—Ç –Ω–∞–¥ –≤—Å–µ–º–∏ –æ—Å—Ç–∞–ª—å–Ω—ã–º–∏ –∏ –∫ —Å–æ–∂–∞–ª–µ–Ω–∏—é,–Ω–æ –¥—Ä—É–≥–æ–≥–æ –≤—ã—Ö–æ–¥–∞ –ø—Ä–æ—Å—Ç–æ –Ω–µ—Ç!!!
–Ø –º–∞–ª–æ –≤–µ—Ä—é –≤ —Ç–æ,—á—Ç–æ —Ö–æ—Ç—å –∫—Ç–æ —Ç–æ –∏–∑ –∑–æ–æ—à–∏–∑–æ–∏–¥–æ–≤ –ø–æ–µ–¥–µ—Ç –≤ –ó–∞–º–±–∏—é –ø—Ä–∏–∫—Ä—ã–≤–∞—Ç—å —Å–≤–æ–∏–º–∏ —Ç–µ–ª–∞–º–∏ –∏–ª–∏ —Å–ø–æ–Ω—Å–∏—Ä—É—é—Ç –ø–µ—Ä–µ–µ–∑–¥ –Ω–µ—Å—á–∞—Å—Ç–Ω—ã—Ö –±–µ–≥–µ–º–æ—Ç–æ–≤,–Ω–æ –∑–∞—Ç–æ —Å —É–¥–æ–≤–æ–ª—å—Å—Ç–≤–∏–µ–º –±—É–¥—É—Ç –ø—Ä–æ–¥–æ–ª–∂–∞—Ç—å –±–æ—Ä–æ—Ç—å—Å—è —Å —Ü–∏—Ä–∫–∞–º–∏!!!ü§¶‚Äç‚ôÇÔ∏èü§¶‚Äç‚ôÇÔ∏èü§¶‚Äç‚ôÇÔ∏è
#–≤–∏—Ç–∞#–∑–∞–∫–æ–Ω–Ω—É–∂–µ–Ω—Å–µ–π—á–∞—Å #–∑–∞–∫–æ–Ω_–Ω—É–∂–µ–Ω_—Å–µ–π—á–∞—Å #–∑–æ–æ–∑–∞—â–∏—Ç–∞#–∑–æ–æ—à–∏–∑–∞#—Ç–∞–∫–∞—è–∂–∏–∑–Ω—å#–±–µ–≥–µ–º–æ—Ç—ã#–∑–∞–º–±–∏—è #–∞—Ñ—Ä–∏–∫–∞#–≤–∏—Ç–∞",223,7547,image,"2018-10-22 22:41:28",https://www.instagram.com/p/BpP1uW0BUeZ
"–í –ò—Ç–∞–ª–∏–∏ –≥.–õ–∞—Ç–∏–Ω–æ(100 –∫–º –æ—Ç –†–∏–º–∞) –ø—Ä–æ—Ö–æ–¥–∏—Ç ¬´19-–π –ú–µ–∂–¥—É–Ω–∞—Ä–æ–¥–Ω—ã–π —Ü–∏—Ä–∫–æ–≤–æ–π —Ñ–µ—Å—Ç–∏–≤–∞–ª—å¬ª!
–Ø—Ä–∫–∏–º–∏ –ø—Ä–µ–¥—Å—Ç–∞–≤–∏—Ç–µ–ª—è–º–∏ —Ü–∏—Ä–∫–æ–≤–æ–≥–æ –∏—Å–∫—É—Å—Å—Ç–≤–∞ —Å—Ç–∞–ª–∏ –ù–æ–º–µ—Ä–∞ —Å –∂–∏–≤–æ—Ç–Ω—ã–º–∏!!!
–ü–æ–±–µ–¥–∏—Ç–µ–ª–µ–π —Ñ–µ—Å—Ç–∏–≤–∞–ª—è –∂—é—Ä–∏ –æ–±—ä—è–≤–∏—Ç –Ω–∞ –≤–µ—á–µ—Ä–Ω–µ–º –ì–∞–ª–∞-—à–æ—É!!! üáÆüáπ ü•áüëèüëèüëè
#–∏—Ç–∞–ª–∏—è#–ª–∞—Ç–∏–Ω–æ#—Ü–∏—Ä–∫–æ–≤–æ–π—Ñ–µ—Å—Ç–∏–≤–∞–ª—å #—Ü–∏—Ä–∫—Å–∂–∏–≤–æ—Ç–Ω—ã–º–∏#–∑–∞–∫–æ–Ω–Ω—É–∂–µ–Ω—Å–µ–π—á–∞—Å #–∑–∞–∫–æ–Ω_–Ω—É–∂–µ–Ω_—Å–µ–π—á–∞—Å #–∑–∞—Ü–∏—Ä–∫–±–µ–∑–∂–∏–≤–æ—Ç–Ω—ã—Ö #—Ü–∏—Ä–∫–±–µ–∑–∂–∏–≤–æ—Ç–Ω—ã—Ö #–∑–æ–æ–∑–∞—â–∏—Ç–∞#–∑–æ–æ—à–∏–∑–∞#–ª—é–±–ª—é—Ü–∏—Ä–∫#–∑–∞–ø–∞—à–Ω—ã–π #circusfestival #circus#–±–æ–ª–µ–µ–º–∑–∞–Ω–∞—à–∏—Ö",65,8993,sidecar,"2018-10-22 15:59:09",https://www.instagram.com/p/BpPHruoB9U-
"–ò —Å–ø–æ—Ä—Ç –∑–∞–ª –Ω–µ –Ω—É–∂–µ–Ω ‚òùÔ∏èü•áü§£
#—Ç–∞–∫–æ–≥–æ–Ω–µ–≤–∏–¥–µ–ª #–ø–µ—Ä–≤—ã–π—Ä–∞–∑#—É–¥–∏–≤–∏—Ç–µ–ª—å–Ω–æ–µ—Ä—è–¥–æ–º #—Ä–æ—Å—Å–∏—è#—ç—Ç–æ–ø–∏—Ç–µ—Ä–¥–µ—Ç–∫–∞ #–ø–∏—Ç–µ—Ä#—Å–∞–Ω–∫—Ç–ø–µ—Ç–µ—Ä–±—É—Ä–≥ #—Å—É–ø–µ—Ä–æ—Ç–µ–ª—å#–≥–æ—Å—Ç–∏–Ω–∏—Ü–∞#—ç–¥–≥–∞—Ä–¥–∑–∞–ø–∞—à–Ω—ã–π #saintpetersburg #piter#superhotel #hotel",202,9288,video,"2018-10-22 02:03:36",https://www.instagram.com/p/BpNnodQBDtQ
"–ù–∞—à–∞ –º–∞–º–∞ @tatyanazapashnaya –∏ –ì–∏—è –≠—Ä–∞–¥–∑–µ @gia_eradze –≤ –¥–∞–Ω–Ω—ã–π –º–æ–º–µ–Ω—Ç —Ç—Ä—É–¥—è—Ç—Å—è –Ω–∞ –ú–µ–∂–¥—É–Ω–∞—Ä–æ–¥–Ω–æ–º —Ü–∏—Ä–∫–æ–≤–æ–º —Ñ–µ—Å—Ç–∏–≤–∞–ª–µ –≤ –≥.–õ–∞—Ç–∏–Ω–æ –ò—Ç–∞–ª–∏—è!!!
–ù–∞ –º–∞–Ω–µ–∂–µ –±–∞–ª–µ—Ç –∏ –∞–∫—Ä–æ–±–∞—Ç—ã —Å –∫–∞—á–µ–ª—è–º–∏ –ø/—Ä –ê–ª–µ–∫—Å–µ—è –ü—Ä–æ–Ω–∏–Ω–∞ @alex_vip_pronin_ , –ø—Ä–µ–¥—Å—Ç–∞–≤–ª—è—é—â–∏–µ ¬´–ë–æ–ª—å—à–æ–π –ú–æ—Å–∫–æ–≤—Å–∫–∏–π –¶–∏—Ä–∫¬ª @greatcircus_ru üëèüëèüëè
#italia #italy #latino#circusfestival #–º–∏–Ω–∫—É–ª—å—Ç#–º–∏–Ω–∏—Å—Ç–µ—Ä—Å—Ç–≤–æ–∫—É–ª—å—Ç—É—Ä—ã#festival#–º—ç—Ä–∏—è–º–æ—Å–∫–≤—ã #–º–æ—Å–∫–≤–∞#—Ä–æ—Å—Å–∏—è#–±–æ–ª–µ–µ–º–∑–∞–Ω–∞—à–∏—Ö #—Ü–∏—Ä–∫#—Ä—É—Å—Å–∫–∏–µ–∫–∞—á–µ–ª–∏ @mincult_russia",30,6995,video,"2018-10-21 21:03:04",https://www.instagram.com/p/BpNFDPMi6ye
"–ê —è –µ—â—ë –≤–æ—Ç —Ç–∞–∫ –º–æ–≥—É ‚òùÔ∏èüòéüòÜ
#—Ü–∏—Ä–∫#–∑–∞–ø–∞—à–Ω—ã–π #zapashnybrotherscircus #zapashny #circus#djigit #–¥–∂–∏–≥–∏—Ç–æ–≤–∫–∞#–ª–æ—à–∞–¥–∏ #circusanimals #greatmoscowcircus 
–§–æ—Ç–æ @elenablednykh üòç",137,9539,image,"2018-10-21 17:37:16",https://www.instagram.com/p/BpMuHetByYU
"–î–ê –ö–ê–ö –¢–ê–ö –¢–û!?!?ü§∑‚Äç‚ôÇÔ∏èüò°ü§∑‚Äç‚ôÇÔ∏è
#—Å—Ç—Ä–∞–Ω–Ω–æ—Å—Ç—å#–¥–∞–∫–∞–∫—Ç–∞–∫ #–≤–æ—Ç–∫–∞–∫—Ç–æ—Ç–∞–∫ #–∑–∞–≥–∞–¥–∫–∞#–Ω–∞–¥–æ–ø–æ–¥—É–º–∞—Ç—å #—Ç–∞—Ä–µ–ª–∫–∏#–∏–ª–ª—é–∑–∏—è #–º–∞–≥–∏—è #–µ–ª–∫–∏–ø–∞–ª–∫–∏",294,8059,image,"2018-10-21 14:46:26",https://www.instagram.com/p/BpMakUIh9uX
"¬´–í–æ–∑–¥—É—à–Ω–∞—è –≥–∏–º–Ω–∞—Å—Ç–∫–∞ –∏–∑ –ö—Ä–∞—Å–Ω–æ—è—Ä—Å–∫–∞ —É–ø–∞–ª–∞ —Å –≤—ã—Å–æ—Ç—ã –≤–æ –≤—Ä–µ–º—è –≤—ã—Å—Ç—É–ø–ª–µ–Ω–∏—è –Ω–∞ —Ñ–µ—Å—Ç–∏–≤–∞–ª–µ ¬´–ü–æ–¥ —Å–≤–æ–¥–æ–º —Å—Ç–∞—Ä–æ–≥–æ —à–∞—Ç—Ä–∞¬ª –≤ –Ω–æ–≤–æ–∫—É–∑–Ω–µ—Ü–∫–æ–º —Ü–∏—Ä–∫–µ. 19-–ª–µ—Ç–Ω—è—è –∞—Ä—Ç–∏—Å—Ç–∫–∞ –∏—Å–ø–æ–ª–Ω—è–ª–∞ –Ω–æ–º–µ—Ä –±–µ–∑ —Å—Ç—Ä–∞—Ö–æ–≤–∫–∏. –û–± —ç—Ç–æ–º —Ç–µ–ª–µ–∫–∞–Ω–∞–ª—É ¬´360¬ª —Å–æ–æ–±—â–∏–ª –∏–Ω—Ñ–æ—Ä–º–∏—Ä–æ–≤–∞–Ω–Ω—ã–π –∏—Å—Ç–æ—á–Ω–∏–∫.¬ª
#–ø–∞–¥–µ–Ω–∏–µ–≥–∏–º–Ω–∏—Å—Ç–∫–∏#—á–ø#—á–ø–≤—Ü–∏—Ä–∫–µ #—Ü–∏—Ä–∫#–Ω–æ–≤–æ–∫—É–∑–Ω–µ—Ü–∫#circus#gimnastic #–≤–æ–∑–¥—É—à–Ω–∞—è–≥–∏–º–Ω–∞—Å—Ç–∏–∫–∞#360#—Ç–µ–ª–µ–∫–∞–Ω–∞–ª360",259,7970,video,"2018-10-20 19:14:32",https://www.instagram.com/p/BpKUNdNhKpJ
"–í —ç—Ç—É —Å—É–±–±–æ—Ç—É —è —Ö–æ—á—É –≤–∞–º —Ä–∞—Å—Å–∫–∞–∑–∞—Ç—å –æ –¢–∞–ª–∞–Ω—Ç–ª–∏–≤–æ–π –∏ –¢—Ä—É–¥–æ–ª—é–±–∏–≤–æ–π –ì—É–∑–µ–ª—å –•–∞—Å–∞–Ω–æ–≤–æ–π-–ê–∑–∏–∑–æ–≤–æ–π!üòç
–ì—É–∑–µ–ª—å —è–≤–ª—è–µ—Ç—Å—è —Å–∞–º–æ–π —Ç–∏—Ç—É–ª–æ–≤–∞–Ω–Ω–æ–π —Å–ø–æ—Ä—Ç—Å–º–µ–Ω–∫–æ–π –≤ ¬´–¶–∏—Ä–∫–µ –ë—Ä–∞—Ç—å–µ–≤ –ó–∞–ø–∞—à–Ω—ã—Ö¬ª : 3-—Ö –∫—Ä–∞—Ç–Ω–∞—è —á–µ–º–ø–∏–æ–Ω –†–æ—Å—Å–∏–∏,—á–µ–º–ø–∏–æ–Ω –ï–≤—Ä–æ–ø—ã –∏ 4-—Ö –∫—Ä–∞—Ç–Ω–∞—è —á–µ–º–ø–∏–æ–Ω –º–∏—Ä–∞ –ø–æ –∞–∫—Ä–æ–±–∞—Ç–∏–∫–µ,–æ–±–ª–∞–¥–∞—Ç–µ–ª—å–Ω–∏—Ü–∞ –ö—É–±–∫–∞ –º–∏—Ä–∞ ,–ó–ú–° –∏ —ç—Ç–æ –¥–∞–ª–µ–∫–æ –Ω–µ –≤—Å–µ –µ–µ –Ω–∞–≥—Ä–∞–¥—ã!ü•áü•áü•á
–í–æ—Ç –∫–∞–∫ —Å–∞–º–∞ –ì—É–∑–µ–ª—å —Ä–∞—Å—Å–∫–∞–∑–∞–ª–∞ –Ω–∞–º –ø—Ä–æ —Å–µ–±—è:
¬´–Ø —Ä–æ–¥–∏–ª–∞—Å—å 16 –º–∞—è –≤ –≥.–ù–∞–±–µ—Ä–µ–∂–Ω—ã–µ –ß–µ–ª–Ω—ã. –° 6 –ª–µ—Ç –Ω–∞—á–∞–ª–∞ –∑–∞–Ω–∏–º–∞—Ç—å—Å—è —Å–ø–æ—Ä—Ç–∏–≤–Ω–æ–π –∞–∫—Ä–æ–±–∞—Ç–∏–∫–æ–π.–ö–∞–∫ —Ç–æ –Ω–∞ —Å–æ—Ä–µ–≤–Ω–æ–≤–∞–Ω–∏—è—Ö –º–µ–Ω—è –∑–∞–º–µ—Ç–∏–ª–∞ —Ç—Ä–µ–Ω–µ—Ä –∏–∑ –ö—Ä–∞—Å–Ω–æ–¥–∞—Ä–∞ –∏ –ø—Ä–∏–≥–ª–∞—Å–∏–ª–∞ –∫ —Å–µ–±–µ —Ç—Ä–µ–Ω–∏—Ä–æ–≤–∞—Ç—å—Å—è.–ö—Ä–∞—Å–Ω–æ–¥–∞—Ä —Å—á–∏—Ç–∞–µ—Ç—Å—è –ª—É—á—à–µ–π —Å–ø–æ—Ä—Ç–∏–≤–Ω–æ–π —à–∫–æ–ª–æ–π –ø–æ –∞–∫—Ä–æ–±–∞—Ç–∏–∫–µ. –í 14 –ª–µ—Ç —è –ø–æ–µ—Ö–∞–ª–∞ —Ç—É–¥–∞,—Ç–∞–∫ –∫–∞–∫ –º–µ—á—Ç–∞–ª–∞ —Å—Ç–∞—Ç—å –ß–µ–º–ø–∏–æ–Ω–∫–æ–π –ú–∏—Ä–∞‚òùÔ∏è
–í 2002 —è —Å—Ç–∞–ª–∞ –ª—É—á—à–∏–º —Å–ø–æ—Ä—Ç—Å–º–µ–Ω–æ–º –≥–æ–¥–∞–≤ —Ä–µ—Å–ø—É–±–ª–∏–∫–µ –¢–∞—Ç–∞—Ä—Å—Ç–∞–Ω!
–í 2004 –∑–∞–∫–æ–Ω—á–∏–ª–∞ –∫–∞—Ä—å–µ—Ä—É —Å–ø–æ—Ä—Ç—Å–º–µ–Ω–∞.
–ó–∞–∫–æ–Ω—á–∏–ª–∞ –ö—É–±–∞–Ω—Å–∫–∏–π –∫–æ–ª–ª–µ–¥–∂ –∏ –ê–∫–∞–¥–µ–º–∏—é –§.–ö. –∏ –°–ø–æ—Ä—Ç–∞ —Å –∫—Ä–∞—Å–Ω—ã–º –¥–∏–ø–ª–æ–º–æ–ºüëè
–•–æ—Ç–µ–ª–æ—Å—å –µ—â–µ –≥–¥–µ –ª–∏–±–æ –ø–æ–∫–∞–∑–∞—Ç—å —Å–µ–±—è.–ú–µ—á—Ç–∞–ª–∞ —Ä–∞–±–æ—Ç–∞—Ç—å –≤ —Ü–∏—Ä–∫–µ –∏ –º–µ—á—Ç–∞ —Å–±—ã–ª–∞—Å—å –≤ 2007.–ü–æ–ø–∞–ª–∞ –≤ –ë–æ–ª—å—à–æ–π –ú–æ—Å–∫–æ–≤—Å–∫–∏–π —Ü–∏—Ä–∫ –≤ –Ω–æ–º–µ—Ä –∞–∫—Ä–æ–±–∞—Ç—ã-–≤–æ–ª—å—Ç–∏–∂–µ—Ä—ã –ø/—Ä –ö–æ–∑–∞–∫–æ–≤–∞ –û.–ê. –ó–∞—Ç–µ–º –≤ 2011 –≥–æ–¥—É –Ω–∞—Å –≤–∑—è–ª–∏ –≤ –∫–æ–ª–ª–µ–∫—Ç–∏–≤ –¶–ë–ó!–ó–¥–µ—Å—å —è –ø—Ä–æ–±–æ–≤–∞–ª–∞ —Å–µ–±—è –≤ —Ä–∞–∑–Ω—ã—Ö –∂–∞–Ω—Ä–∞—Ö :–≤–æ–∑–¥—É—Ö ,–ø–æ–ª–µ—Ç,–∞–∫—Ä–æ–±–∞—Ç–∏—á–µ—Å–∫–∞—è —á–µ—Ç–≤–µ—Ä–∫–∞. –û—á–µ–Ω—å —Ö–æ—á–µ—Ç—Å—è –ø–æ–ø—Ä–æ–±–æ–≤–∞—Ç—å –≤ –∂–∞–Ω—Ä–µ ¬´–ø–∞-–¥–µ-–¥–µ¬ª –∏ ¬´–∫–∞–Ω–∞—Ç¬ª(–∫–∞–Ω–∞—Ç —è —Å–µ–π—á–∞—Å —Ä–µ–ø–µ—Ç–∏—Ä—É—éüòâ) ¬ª
–í 2014 –≥. –ì—É–∑–µ–ª—å —Å—Ç–∞–ª–∞ –º–∞–º–æ–π –≠–º–∏–ª–∏–∏!
–í 2017 –≥. –ø–æ—è–≤–∏–ª—Å—è —Å—ã–Ω –¢–∏–º—É—Ä!
–í 2018 –≥. —Å –Ω–æ–º–µ—Ä–æ–º ¬´–ü–∞—Ä—Ç–µ—Ä–Ω–∞—è –†–∞–º–∫–∞ —Å –≤–æ–ª—å—Ç–∏–∂–æ–º¬ª –≤—ã–∏–≥—Ä–∞–ª–∞ –Ω–∞ –í—Å–µ–º–∏—Ä–Ω–æ–º –§–µ—Å—Ç–∏–≤–∞–ª–µ –¶–∏—Ä–∫–æ–≤–æ–≥–æ –ò—Å–∫—É—Å—Å—Ç–≤–∞ ¬´–ò–¥–æ–ª 2018¬ªüëçüî•üëè
#—Ç–∞–ª–∞–Ω—Ç–ª–∏–≤—ã–µ–∏—Ç—Ä—É–¥–æ–ª—é–±–∏–≤—ã–µ #—Ö–∞—Å–∞–Ω–æ–≤–∞ #—Ç–∞—Ç–∞—Ä—Å—Ç–∞–Ω#–∫–∞–∑–∞–Ω—å#—Å–ø–æ—Ä—Ç#—á–µ–º–ø–∏–æ–Ω–∫–∞–º–∏—Ä–∞ #—Ñ–µ–¥–æ—Ä–µ–º–µ–ª—å—è–Ω–µ–Ω–∫–æ #–∑–∞–ø–∞—à–Ω—ã–π#–Ω–µ–º–æ–≤#—É—Ç—è—à–µ–≤–∞#—Ü–±–∑#–±–º–≥—Ü #–ª—É—á—à–µ–µ–¥–ª—è–ª—É—á—à–∏—Ö #circus #simplythebest",35,7038,sidecar,"2018-10-20 15:01:33",https://www.instagram.com/p/BpJ3gHqB6dx
"–ú–û–õ–û–î–¶–´ @shnurovs
@euro.show #–ª–µ–Ω–∏–Ω–≥—Ä–∞–¥ #—à–Ω—É—Ä–æ–≤#–∑–µ–Ω–∏—Ç–∞—Ä–µ–Ω–∞ #—Å–∞–Ω–∫—Ç–ø–µ—Ä–µ—Ä–±—É—Ä–≥ #—ç—Ç–æ—Ä–µ–∫–æ—Ä–¥#–ø–æ–∑–¥—Ä–∞–≤–ª—è—é#–æ—á–µ–Ω—å–∫—Ä–∞—Ç–æ#–≤—Å–µ–º—Å–ø–∞—Å–∏–±–æ #—Ö–∏—Ç—ã #zenitarena #zenit #saintpetersburg #piter #–ø–∏—Ç–µ—Ä",175,8820,video,"2018-10-20 01:57:40",https://www.instagram.com/p/BpIdY1OBz7P
"¬´–•–æ—Ä–æ—à–æ –±—ã—Ç—å —Ü–∞—Ä—ë–º!¬ª‚òùÔ∏èüòéü§£
#–ø–µ—Ç—Ä–ø–µ—Ä–≤—ã–π #—Ü–∞—Ä—å–ø–µ—Ç—Ä #–ø–µ—Ç—Ä–ø–µ—Ä–≤—ã–π #–≥–æ—Å—É–¥–∞—Ä—å #—É–∫–∞–∑ #1708 #goodtobeking #king#—Å–∞–Ω–∫—Ç–ø–µ—Ç–µ—Ä–±—É—Ä–≥ #–ø–∏—Ç–µ—Ä #saintpitersburg",83,8558,image,"2018-10-19 20:57:42",https://www.instagram.com/p/BpH7dvzBOGw
"–ù–æ–≤–æ–µ —à–æ—É –ë—Ä–∞—Ç—å–µ–≤ –ó–∞–ø–∞—à–Ω—ã—Ö! –ë–∏–ª–µ—Ç—ã —É–∂–µ –≤ –ø—Ä–æ–¥–∞–∂–µ!!!‚òùÔ∏èüá∑üá∫üëç
–í —à–æ—É –ø—Ä–∏–º—É—Ç —É—á–∞—Å—Ç–∏–µ –≤–µ–¥—É—â–∏–µ –∞—Ä—Ç–∏—Å—Ç—ã –ë–æ–ª—å—à–æ–≥–æ –ú–æ—Å–∫–æ–≤—Å–∫–æ–≥–æ —Ü–∏—Ä–∫–∞ @greatcircus_ru –∏ –∫–æ–º–ø–∞–Ω–∏–∏ –†–æ—Å–≥–æ—Å—Ü–∏—Ä–∫,–∞ —Ç–∞–∫ –∂–µ –¥—Ä–µ—Å—Å–∏—Ä–æ–≤–∞–Ω–Ω—ã–µ –õ–¨–í–´,–°–û–ë–ê–ö–ò,–ú–ï–î–í–ï–î–ò,–ö–û–ó–´ –∏ –õ–û–®–ê–î–ò!!!üëèüëèüëè
–ê–≤—Ç–æ—Ä —Å—Ü–µ–Ω–∞—Ä–∏—è –∏ —Ä–µ–∂–∏—Å—Å–µ—Ä –ê—Å–∫–æ–ª—å–¥ –ó–∞–ø–∞—à–Ω—ã–π @askoldzap #ofu #ufo#—Ü–∏—Ä–∫#–ª—É—á—à–µ–µ—à–æ—É#–æ—Å–¥#osd #—Å–¥–µ–ª–∞–Ω–æ–≤—Ä–æ—Å—Å–∏–∏#–ª—É–∂–Ω–∏–∫–∏#–≥—Ü–∫–∑—Ä–æ—Å—Å–∏—è #—Ä–æ—Å—Å–∏—è#–±–º–≥—Ü#circus#greatestshow #circus#circusshow #–ª—É—á—à–µ–µ–¥–ª—è–ª—É—á—à–∏—Ö#–Ω–∞—á–∞–ª–æ–ø—Ä–æ–¥–∞–∂ #—ç—Ç–æ—Å—É–ø–µ—Ä",45,5550,video,"2018-10-19 19:30:46",https://www.instagram.com/p/BpHw9O5BTv7
